Image,Total sum (in cent),Composition of coins (in cent)
image_1,8,"5,2,1"
image_2,10,10
image_3,16,"5,5,2,2,1,1"
image_4,1,1
image_5,10,10
image_6,20,20
image_7,105,"50,50,5"
image_8,2,2
image_9,5,5
image_10,10,10
image_11,150,"100, 50"
image_12,55,50.5
image_13,100,100
image_14,20,20
image_15,5,5
image_16,3,"2,1"
image_17,125,"100,20,5"
image_18,107,"100,5,2"
image_19,50,50
image_20,8,"5,2,1"
image_21,2,2
image_22,200,200
image_23,25,"20,5"
image_24,35,"20,10,5"
image_25,225,"200,20,5"
image_26,3,"2,1"
image_27,335,"200,100,20,10,5"
image_28,105,"100,5"
image_29,100,100
image_30,11,"5,5,1"
image_31,150,"100,50"
image_32,130,"100,20,10"
image_33,2,2
image_34,20,20
image_35,20,20
image_36,300,"200,100"
image_37,115,"100,10,5"
image_38,171,"100,20,20,20,5,5,1"
image_39,11,"10,1"
image_40,335,"200,100,20,10,5"
image_41,50,50
image_42,200,200
image_43,30,"20,10"
image_44,300,"200,100"
image_45,115,"100,10,5"
image_46,170,"100,50,20"
image_47,155,"100,50,5"
image_48,5,5
image_49,170,"100,50,20"
image_50,3,"2,1"
image_51,80,"20,20,20,20"
image_52,155,"50,50,20,20,10,5"
image_53,50,50
image_54,105,"100,5"
image_55,300,"200,100"
image_56,20,20
image_57,260,"200,50,10"
image_58,350,"200,100,50"
image_59,25,"20,5"
image_60,1,1
image_61,200,200
image_62,102,"100,2"
image_63,5,"2,2,1"
image_64,1,1
image_65,2,2
image_66,8,"5,2,1"
image_67,101,"100,1"
image_68,100,100
image_69,5,5
image_70,2,2
image_71,100,100
image_72,206,"200,5,1"
image_73,107,"100,5,2"
image_74,7,"5,2"
image_75,300,"200,100"
image_76,140,"50,50,20,20"
image_77,110,"100,5,5"
image_78,320,"200,100,20"
image_79,380,"200,100,50,20,10"
image_80,12,"10,2"
image_81,50,50
image_82,5,5
image_83,20,20
image_84,14,"5,5,2,2"
image_85,335,"200,100,20,10,5"
image_86,107,"100,5,2"
image_87,5,5
image_88,24,"10,5,5,2,1,1"
image_89,102,"100,2"
image_90,3,"2,1"
image_91,1,1
image_92,106,"100,5,1"
image_93,10,10
image_94,8,"5,2,1"
image_95,255,"200,50,5"
image_96,388,"200,100,50,20,10,5,2,1"
image_97,340,"200,100,20,20"
image_98,216,"200,10,5,1"
image_99,2,2
image_100,2,2
image_101,125,"100,20,5"
image_102,27,"20,5,2"
image_103,35,"20,10,5"
image_104,200,200
image_105,5,5
image_106,305,"200,100,5"
image_107,2,2
image_108,50,50
image_109,22,"20,2"
image_110,3,"2,1"
image_111,8,"5,2,1"
image_112,16,"10,5,1"
image_113,200,200
image_114,10,10
image_115,370,"200,100,50,20"
image_116,100,100
image_117,2,2
image_118,388,"200,100,50,20,10,5,2,1"
image_119,1,1
image_120,105,"100,5"
image_121,108,"100,5,2,1"
image_122,8,"5,2,1"
image_123,1,1
image_124,13,"10,2,1"
image_125,120,"100,20"
image_126,13,"10,2,1"
image_127,3,"2,1"
image_128,125,"100,20,5"
image_129,2,2
image_130,120,"100,20"
image_131,10,10
image_132,110,"50,20,20,20"
image_133,103,"100,2,1"
image_134,300,"200,100"
image_135,10,10
image_136,210,"200,10"
image_137,13,"10,2,1"
image_138,60,"20,20,20"
image_139,7,"5,2"
image_140,12,"10,2"
image_141,100,100
image_142,102,"100,2"
